trade_date,avg_pnl,total_volume_usd,value,classification,sentiment_category,long_short_ratio_x,avg_leverage,total_fees,gross_profit_x,gross_loss_x,profit_factor_x,high_leverage_pct,long_short_ratio_y,long_pct,sentiment_group,fear_greed_level,total_pnl,pnl_std,num_trades,win_rate,total_volume,avg_trade_size,trade_size_std,total_abs_pnl,gross_profit_y,gross_loss_y,profit_factor_y
2023-12-17,-10.44,8380.22,73,Greed,Greed,,0,,0.0,10.436018,0.0,0,0.0,0.0,Greed,Greed (56-75),-10.44,,1,0.0,8380.22,8380.22,,10.44,0.0,10.436018,0.0
2023-12-30,27.82,8896.63,68,Greed,Greed,,0,,55.639576,0.0,55639.575999999994,0,1.0,50.0,Greed,Greed (56-75),55.64,39.34,2,0.5,8896.63,4448.32,260.35,55.64,55.639576,0.0,55639.575999999994
2024-01-02,35.11,272.58,71,Greed,Greed,,0,,35.112325,0.0,35112.325,0,1.0,100.0,Greed,Greed (56-75),35.11,,1,1.0,272.58,272.58,,35.11,35.112325,0.0,35112.325
2024-01-03,5.9,2328.65,70,Greed,Greed,,0,,11.79655,0.0,11796.55,0,1.0,50.0,Greed,Greed (56-75),11.8,8.34,2,0.5,2328.65,1164.32,1193.46,11.8,11.79655,0.0,11796.55
2024-01-06,-58.98,48541.13,70,Greed,Greed,,0,,2.9325,120.90096,0.024255390527916407,0,1.0,50.0,Greed,Greed (56-75),-117.97,87.56,2,0.5,48541.13,24270.56,31948.31,123.83,2.9325,120.90096,0.024255390527916407
2024-01-07,-0.24,1422.98,71,Greed,Greed,,0,,0.0,0.470701,0.0,0,1.0,50.0,Greed,Greed (56-75),-0.47,0.33,2,0.0,1422.98,711.49,941.02,0.47,0.0,0.470701,0.0
2024-01-09,0.0,6884.82,76,Extreme Greed,Extreme Greed,,0,,0.0,0.0,0.0,0,1.0,100.0,Greed,Extreme Greed (76-100),0.0,,1,0.0,6884.82,6884.82,,0.0,0.0,0.0,0.0
2024-01-10,0.33,5250.97,73,Greed,Greed,,0,,0.65786,0.0,657.86,0,1.0,50.0,Greed,Greed (56-75),0.66,0.47,2,0.5,5250.97,2625.48,3545.5,0.66,0.65786,0.0,657.86
2024-01-17,0.0,50744.8,60,Greed,Greed,,0,,0.0,0.0,0.0,0,1.0,50.0,Greed,Greed (56-75),0.0,0.0,2,0.0,50744.8,25372.4,28980.32,0.0,0.0,0.0,0.0
2024-01-18,222.32,92867.54,63,Greed,Greed,,0,,222.31716,0.0,222317.16,0,1.0,100.0,Greed,Greed (56-75),222.32,,1,1.0,92867.54,92867.54,,222.32,222.31716,0.0,222317.16
2024-01-20,0.0,6651.03,52,Neutral,Neutral,,0,,0.0,0.0,0.0,0,1.0,100.0,Neutral,Neutral (46-55),0.0,,1,0.0,6651.03,6651.03,,0.0,0.0,0.0,0.0
2024-01-24,0.05,3750.16,48,Neutral,Neutral,,0,,0.14928,0.0,149.28,0,0.5,33.33333333333333,Neutral,Neutral (46-55),0.15,0.09,3,0.33,3750.16,1250.05,2023.87,0.15,0.14928,0.0,149.28
2024-01-25,-959.9,20612.78,52,Neutral,Neutral,,0,,0.0,959.90329,0.0,0,0.0,0.0,Neutral,Neutral (46-55),-959.9,,1,0.0,20612.78,20612.78,,959.9,0.0,959.90329,0.0
2024-01-31,-0.47,93082.71,60,Greed,Greed,,0,,0.01001,3.739348,0.0026769372628597282,0,0.6,37.5,Greed,Greed (56-75),-3.73,0.93,8,0.12,93082.71,11635.34,16955.73,3.75,0.01001,3.739348,0.0026769372628597282
2024-02-05,14.5,1906.02,60,Greed,Greed,,0,,14.501782,0.0,14501.782,0,0.0,0.0,Greed,Greed (56-75),14.5,,1,1.0,1906.02,1906.02,,14.5,14.501782,0.0,14501.782
2024-02-06,-2.87,113411.16,64,Greed,Greed,,0,,4.411839,27.38012,0.16113293148459537,0,0.6,37.5,Greed,Greed (56-75),-22.97,7.06,8,0.25,113411.16,14176.4,18276.91,31.79,4.411839,27.38012,0.16113293148459537
2024-02-14,42.11,21253.32,74,Greed,Greed,,0,,84.2112,0.0,84211.2,0,0.0,0.0,Greed,Greed (56-75),84.21,59.55,2,0.5,21253.32,10626.66,10784.74,84.21,84.2112,0.0,84211.2
2024-02-15,22.83,760.73,72,Greed,Greed,,0,,22.8275,0.0,22827.5,0,1.0,100.0,Greed,Greed (56-75),22.83,,1,1.0,760.73,760.73,,22.83,22.8275,0.0,22827.5
2024-02-16,6.66,4449.02,72,Greed,Greed,,0,,33.29354,0.0,33293.54,0,1.5,60.0,Greed,Greed (56-75),33.29,6.85,5,0.8,4449.02,889.8,878.71,33.29,33.29354,0.0,33293.54
2024-02-17,37.54,8452.14,76,Extreme Greed,Extreme Greed,,0,,112.63032899999999,0.0,112630.32899999998,0,2.0,66.66666666666666,Greed,Extreme Greed (76-100),112.63,42.01,3,0.67,8452.14,2817.38,723.68,112.63,112.63032899999999,0.0,112630.32899999998
2024-02-18,5.28,127.92,72,Greed,Greed,,0,,5.28468,0.0,5284.679999999999,0,0.0,0.0,Greed,Greed (56-75),5.28,,1,1.0,127.92,127.92,,5.28,5.28468,0.0,5284.679999999999
2024-02-19,0.0,38924.6,75,Extreme Greed,Greed,,0,,0.0,0.0,0.0,0,1.0,100.0,Greed,Greed (56-75),0.0,,1,0.0,38924.6,38924.6,,0.0,0.0,0.0,0.0
2024-02-20,0.0,4713.43,72,Greed,Greed,,0,,0.0,0.0,0.0,0,1.0,100.0,Greed,Greed (56-75),0.0,,1,0.0,4713.43,4713.43,,0.0,0.0,0.0,0.0
2024-02-23,11.91,305.36,76,Extreme Greed,Extreme Greed,,0,,11.911018,0.0,11911.018,0,1.0,100.0,Greed,Extreme Greed (76-100),11.91,,1,1.0,305.36,305.36,,11.91,11.911018,0.0,11911.018
2024-02-26,20.2,406.34,72,Greed,Greed,,0,,20.19633,0.0,20196.329999999998,0,1.0,100.0,Greed,Greed (56-75),20.2,,1,1.0,406.34,406.34,,20.2,20.19633,0.0,20196.329999999998
2024-02-28,833.14,25385.04,82,Extreme Greed,Extreme Greed,,0,,833.141894,0.0,833141.894,0,0.0,0.0,Greed,Extreme Greed (76-100),833.14,,1,1.0,25385.04,25385.04,,833.14,833.141894,0.0,833141.894
2024-02-29,46.34,1061.23,80,Extreme Greed,Extreme Greed,,0,,46.336801,0.0,46336.801,0,1.0,100.0,Greed,Extreme Greed (76-100),46.34,,1,1.0,1061.23,1061.23,,46.34,46.336801,0.0,46336.801
2024-03-01,4.63,10725.75,80,Extreme Greed,Extreme Greed,,0,,9.25908,0.0,9259.08,0,1.0,50.0,Greed,Extreme Greed (76-100),9.26,6.55,2,0.5,10725.75,5362.88,7149.14,9.26,9.25908,0.0,9259.08
2024-03-04,108.96,59166.76,82,Extreme Greed,Extreme Greed,,0,,653.753927,0.0,653753.9269999999,0,1.0,50.0,Greed,Extreme Greed (76-100),653.75,161.77,6,0.67,59166.76,9861.13,20810.64,653.75,653.753927,0.0,653753.9269999999
2024-03-05,35.48,1753.92,90,Extreme Greed,Extreme Greed,,0,,70.951345,0.0,70951.345,0,1.0,50.0,Greed,Extreme Greed (76-100),70.95,1.52,2,1.0,1753.92,876.96,524.9,70.95,70.951345,0.0,70951.345
2024-03-08,121.46,2000.44,81,Extreme Greed,Extreme Greed,,0,,121.4626,0.0,121462.59999999999,0,0.0,0.0,Greed,Extreme Greed (76-100),121.46,,1,1.0,2000.44,2000.44,,121.46,121.4626,0.0,121462.59999999999
2024-03-11,81.75,3353.64,82,Extreme Greed,Extreme Greed,,0,,163.500173,0.0,163500.17299999998,0,1.0,50.0,Greed,Extreme Greed (76-100),163.5,110.22,2,1.0,3353.64,1676.82,2225.96,163.5,163.500173,0.0,163500.17299999998
2024-03-14,0.48,14.89,88,Extreme Greed,Extreme Greed,,0,,0.478791,0.0,478.791,0,0.0,0.0,Greed,Extreme Greed (76-100),0.48,,1,1.0,14.89,14.89,,0.48,0.478791,0.0,478.791
2024-03-15,366.39,16299.4,83,Extreme Greed,Extreme Greed,,0,,732.7812,0.0,732781.2,0,0.0,0.0,Greed,Extreme Greed (76-100),732.78,516.42,2,1.0,16299.4,8149.7,10814.11,732.78,732.7812,0.0,732781.2
2024-03-20,15.25,444.52,74,Greed,Greed,,0,,15.249,0.0,15249.0,0,0.0,0.0,Greed,Greed (56-75),15.25,,1,1.0,444.52,444.52,,15.25,15.249,0.0,15249.0
2024-03-24,0.0,11945.98,74,Greed,Greed,,0,,0.0,0.0,0.0,0,0.0,0.0,Greed,Greed (56-75),0.0,,1,0.0,11945.98,11945.98,,0.0,0.0,0.0,0.0
2024-03-26,45.48,3392.61,81,Extreme Greed,Extreme Greed,,0,,136.42578,0.0,136425.78,0,0.0,0.0,Greed,Extreme Greed (76-100),136.43,51.04,3,1.0,3392.61,1130.87,1269.28,136.43,136.42578,0.0,136425.78
2024-03-27,-6.06,997.52,83,Extreme Greed,Extreme Greed,,0,,0.0,6.0562,0.0,0,1.0,100.0,Greed,Extreme Greed (76-100),-6.06,,1,0.0,997.52,997.52,,6.06,0.0,6.0562,0.0
2024-03-28,0.0,7768.85,80,Extreme Greed,Extreme Greed,,0,,0.0,0.0,0.0,0,0.0,0.0,Greed,Extreme Greed (76-100),0.0,,1,0.0,7768.85,7768.85,,0.0,0.0,0.0,0.0
2024-04-01,0.0,5501.48,79,Extreme Greed,Extreme Greed,,0,,0.0,0.0,0.0,0,2.0,100.0,Greed,Extreme Greed (76-100),0.0,0.0,2,0.0,5501.48,2750.74,3366.42,0.0,0.0,0.0,0.0
2024-04-02,0.0,319.34,79,Extreme Greed,Extreme Greed,,0,,0.0,0.0,0.0,0,0.0,0.0,Greed,Extreme Greed (76-100),0.0,,1,0.0,319.34,319.34,,0.0,0.0,0.0,0.0
2024-04-04,0.0,843.38,70,Greed,Greed,,0,,0.0,0.0,0.0,0,0.0,0.0,Greed,Greed (56-75),0.0,,1,0.0,843.38,843.38,,0.0,0.0,0.0,0.0
2024-04-05,12.78,1247.52,79,Extreme Greed,Extreme Greed,,0,,12.77724,0.0,12777.24,0,0.0,0.0,Greed,Extreme Greed (76-100),12.78,,1,1.0,1247.52,1247.52,,12.78,12.77724,0.0,12777.24
2024-04-07,0.0,1525.9,78,Extreme Greed,Extreme Greed,,0,,0.0,0.0,0.0,0,0.0,0.0,Greed,Extreme Greed (76-100),0.0,,1,0.0,1525.9,1525.9,,0.0,0.0,0.0,0.0
2024-04-10,195.92,12499.7,78,Extreme Greed,Extreme Greed,,0,,195.916968,0.0,195916.968,0,1.0,100.0,Greed,Extreme Greed (76-100),195.92,,1,1.0,12499.7,12499.7,,195.92,195.916968,0.0,195916.968
2024-04-12,7.6,14117.98,79,Extreme Greed,Extreme Greed,,0,,15.199604,0.0,15199.604000000001,0,1.0,50.0,Greed,Extreme Greed (76-100),15.2,10.75,2,0.5,14117.98,7058.99,9606.4,15.2,15.199604,0.0,15199.604000000001
2024-04-13,23.48,2279.7,72,Greed,Greed,,0,,46.96285,0.0,46962.85,0,0.0,0.0,Greed,Greed (56-75),46.96,33.21,2,0.5,2279.7,1139.85,1567.98,46.96,46.96285,0.0,46962.85
2024-04-14,5.76,293.62,72,Greed,Greed,,0,,5.7618,0.0,5761.8,0,1.0,100.0,Greed,Greed (56-75),5.76,,1,1.0,293.62,293.62,,5.76,5.7618,0.0,5761.8
2024-04-15,126.97,3999.71,74,Greed,Greed,,0,,126.96636,0.0,126966.35999999999,0,0.0,0.0,Greed,Greed (56-75),126.97,,1,1.0,3999.71,3999.71,,126.97,126.96636,0.0,126966.35999999999
2024-04-23,7.53,1093.63,71,Greed,Greed,,0,,22.593608,0.0,22593.608,0,0.5,33.33333333333333,Greed,Greed (56-75),22.59,6.46,3,1.0,1093.63,364.54,198.79,22.59,22.593608,0.0,22593.608
2024-04-29,4.26,480.64,67,Greed,Greed,,0,,4.258631,0.0,4258.631,0,1.0,100.0,Greed,Greed (56-75),4.26,,1,1.0,480.64,480.64,,4.26,4.258631,0.0,4258.631
2024-05-06,725.22,100136.78,71,Greed,Greed,,0,,725.22282,0.0,725222.82,0,1.0,100.0,Greed,Greed (56-75),725.22,,1,1.0,100136.78,100136.78,,725.22,725.22282,0.0,725222.82
2024-05-09,5.09,602.9,55,Greed,Neutral,,0,,5.088,0.0,5088.0,0,0.0,0.0,Neutral,Neutral (46-55),5.09,,1,1.0,602.9,602.9,,5.09,5.088,0.0,5088.0
2024-05-13,106.0,4281.41,57,Greed,Greed,,0,,105.9984,0.0,105998.40000000001,0,0.0,0.0,Greed,Greed (56-75),106.0,,1,1.0,4281.41,4281.41,,106.0,105.9984,0.0,105998.40000000001
2024-05-15,0.0,22613.97,64,Greed,Greed,,0,,0.0,0.0,0.0,0,0.0,0.0,Greed,Greed (56-75),0.0,0.0,2,0.0,22613.97,11306.98,3924.12,0.0,0.0,0.0,0.0
2024-05-16,0.0,468.06,70,Greed,Greed,,0,,0.0,0.0,0.0,0,1.0,50.0,Greed,Greed (56-75),0.0,0.0,2,0.0,468.06,234.03,315.92,0.0,0.0,0.0,0.0
2024-05-21,0.0,1988.82,76,Extreme Greed,Extreme Greed,,0,,0.0,0.0,0.0,0,1.0,100.0,Greed,Extreme Greed (76-100),0.0,,1,0.0,1988.82,1988.82,,0.0,0.0,0.0,0.0
2024-05-23,1.27,4940.82,76,Extreme Greed,Extreme Greed,,0,,3.816384,0.0,3816.384,0,2.0,66.66666666666666,Greed,Extreme Greed (76-100),3.82,2.2,3,0.33,4940.82,1646.94,993.73,3.82,3.816384,0.0,3816.384
2024-05-27,48.34,2223.67,74,Greed,Greed,,0,,48.335913,0.0,48335.913,0,1.0,100.0,Greed,Greed (56-75),48.34,,1,1.0,2223.67,2223.67,,48.34,48.335913,0.0,48335.913
2024-05-29,0.0,443.19,72,Greed,Greed,,0,,0.0,0.0,0.0,0,0.0,0.0,Greed,Greed (56-75),0.0,0.0,2,0.0,443.19,221.6,0.35,0.0,0.0,0.0,0.0
2024-06-03,3.63,443.84,73,Greed,Greed,,0,,7.254702,0.0,7254.702,0,1.0,50.0,Greed,Greed (56-75),7.25,5.13,2,0.5,443.84,221.92,0.04,7.25,7.254702,0.0,7254.702
2024-06-06,2.57,878.4,78,Extreme Greed,Extreme Greed,,0,,5.130415,0.0,5130.415,0,1.0,50.0,Greed,Extreme Greed (76-100),5.13,3.63,2,0.5,878.4,439.2,163.67,5.13,5.130415,0.0,5130.415
2024-06-07,0.0,94.73,77,Extreme Greed,Extreme Greed,,0,,0.0,0.0,0.0,0,1.0,100.0,Greed,Extreme Greed (76-100),0.0,,1,0.0,94.73,94.73,,0.0,0.0,0.0,0.0
2024-06-09,0.0,70.47,75,Extreme Greed,Greed,,0,,0.0,0.0,0.0,0,1.0,100.0,Greed,Greed (56-75),0.0,,1,0.0,70.47,70.47,,0.0,0.0,0.0,0.0
2024-06-10,0.0,554.85,72,Greed,Greed,,0,,0.0,0.0,0.0,0,0.0,0.0,Greed,Greed (56-75),0.0,,1,0.0,554.85,554.85,,0.0,0.0,0.0,0.0
2024-06-12,0.0,115.1,72,Greed,Greed,,0,,0.0,0.0,0.0,0,1.0,100.0,Greed,Greed (56-75),0.0,,1,0.0,115.1,115.1,,0.0,0.0,0.0,0.0
2024-06-17,636.46,6589.82,71,Greed,Greed,,0,,636.463443,0.0,636463.443,0,1.0,100.0,Greed,Greed (56-75),636.46,,1,1.0,6589.82,6589.82,,636.46,636.463443,0.0,636463.443
2024-06-21,0.0,24.99,63,Greed,Greed,,0,,0.0,0.0,0.0,0,1.0,100.0,Greed,Greed (56-75),0.0,,1,0.0,24.99,24.99,,0.0,0.0,0.0,0.0
2024-06-26,0.0,12155.22,46,Neutral,Neutral,,0,,0.0,0.0,0.0,0,1.0,50.0,Neutral,Neutral (46-55),0.0,0.0,2,0.0,12155.22,6077.61,8375.07,0.0,0.0,0.0,0.0
2024-06-27,0.0,29999.34,40,Fear,Fear,,0,,0.0,0.0,0.0,0,0.0,0.0,Fear,Fear (26-45),0.0,,1,0.0,29999.34,29999.34,,0.0,0.0,0.0,0.0
2024-07-03,193.87,10377.08,50,Neutral,Neutral,,0,,387.745268,0.0,387745.268,0,2.0,100.0,Neutral,Neutral (46-55),387.75,274.18,2,0.5,10377.08,5188.54,6823.82,387.75,387.745268,0.0,387745.268
2024-07-06,0.0,118.65,26,Fear,Fear,,0,,0.0,0.0,0.0,0,2.0,100.0,Fear,Fear (26-45),0.0,0.0,2,0.0,118.65,59.32,0.63,0.0,0.0,0.0,0.0
2024-07-15,0.0,1828.39,52,Neutral,Neutral,,0,,0.0,0.0,0.0,0,0.0,0.0,Neutral,Neutral (46-55),0.0,,1,0.0,1828.39,1828.39,,0.0,0.0,0.0,0.0
2024-07-17,0.82,6190.08,69,Greed,Greed,,0,,3.271075,0.0,3271.0750000000003,0,1.0,50.0,Greed,Greed (56-75),3.27,1.14,4,0.5,6190.08,1547.52,1656.19,3.27,3.271075,0.0,3271.0750000000003
2024-07-18,140.63,29998.29,61,Greed,Greed,,0,,140.633592,0.0,140633.592,0,1.0,100.0,Greed,Greed (56-75),140.63,,1,1.0,29998.29,29998.29,,140.63,140.633592,0.0,140633.592
2024-07-20,0.0,558.23,74,Greed,Greed,,0,,0.0,0.0,0.0,0,0.0,0.0,Greed,Greed (56-75),0.0,,1,0.0,558.23,558.23,,0.0,0.0,0.0,0.0
2024-07-21,-0.22,10.65,74,Greed,Greed,,0,,0.0,0.215817,0.0,0,1.0,100.0,Greed,Greed (56-75),-0.22,,1,0.0,10.65,10.65,,0.22,0.0,0.215817,0.0
2024-07-22,-17.54,281.34,70,Greed,Greed,,0,,0.0,17.539986,0.0,0,1.0,100.0,Greed,Greed (56-75),-17.54,,1,0.0,281.34,281.34,,17.54,0.0,17.539986,0.0
2024-07-23,62.82,1039.99,71,Greed,Greed,,0,,188.47426,0.0,188474.25999999998,0,0.5,33.33333333333333,Greed,Greed (56-75),188.47,80.57,3,1.0,1039.99,346.66,263.17,188.47,188.47426,0.0,188474.25999999998
2024-07-25,0.0,1060.73,68,Greed,Greed,,0,,0.0,0.0,0.0,0,2.0,100.0,Greed,Greed (56-75),0.0,0.0,2,0.0,1060.73,530.36,664.52,0.0,0.0,0.0,0.0
2024-07-26,0.0,2583.92,68,Greed,Greed,,0,,0.0,0.0,0.0,0,1.0,50.0,Greed,Greed (56-75),0.0,0.0,2,0.0,2583.92,1291.96,1001.83,0.0,0.0,0.0,0.0
2024-07-27,330.25,82123.84,72,Greed,Greed,,0,,660.5018279999999,0.0,660501.8279999999,0,0.0,0.0,Greed,Greed (56-75),660.5,214.32,2,1.0,82123.84,41061.92,26034.53,660.5,660.5018279999999,0.0,660501.8279999999
2024-07-30,0.0,10067.14,67,Greed,Greed,,0,,0.0,0.0,0.0,0,1.0,100.0,Greed,Greed (56-75),0.0,,1,0.0,10067.14,10067.14,,0.0,0.0,0.0,0.0
2024-08-02,0.0,3845.84,57,Greed,Greed,,0,,0.0,0.0,0.0,0,1.0,100.0,Greed,Greed (56-75),0.0,,1,0.0,3845.84,3845.84,,0.0,0.0,0.0,0.0
2024-08-04,0.0,736.15,34,Fear,Fear,,0,,0.0,0.0,0.0,0,1.0,100.0,Fear,Fear (26-45),0.0,,1,0.0,736.15,736.15,,0.0,0.0,0.0,0.0
2024-08-05,0.0,60.33,26,Fear,Fear,,0,,0.0,0.0,0.0,0,1.0,100.0,Fear,Fear (26-45),0.0,,1,0.0,60.33,60.33,,0.0,0.0,0.0,0.0
2024-08-06,0.0,240.0,17,Extreme Fear,Extreme Fear,,0,,0.0,0.0,0.0,0,1.0,100.0,Fear,Extreme Fear (0-25),0.0,,1,0.0,240.0,240.0,,0.0,0.0,0.0,0.0
2024-08-09,0.0,139.12,48,Neutral,Neutral,,0,,0.0,0.0,0.0,0,0.0,0.0,Neutral,Neutral (46-55),0.0,,1,0.0,139.12,139.12,,0.0,0.0,0.0,0.0
2024-08-10,0.0,91.0,40,Fear,Fear,,0,,0.0,0.0,0.0,0,1.0,100.0,Fear,Fear (26-45),0.0,,1,0.0,91.0,91.0,,0.0,0.0,0.0,0.0
2024-08-14,0.0,3631.7,30,Fear,Fear,,0,,0.0,0.0,0.0,0,1.0,100.0,Fear,Fear (26-45),0.0,,1,0.0,3631.7,3631.7,,0.0,0.0,0.0,0.0
2024-09-01,0.0,1500.1,26,Fear,Fear,,0,,0.0,0.0,0.0,0,0.0,0.0,Fear,Fear (26-45),0.0,,1,0.0,1500.1,1500.1,,0.0,0.0,0.0,0.0
2024-09-20,0.0,16982.17,54,Neutral,Neutral,,0,,0.0,0.0,0.0,0,0.0,0.0,Neutral,Neutral (46-55),0.0,0.0,2,0.0,16982.17,8491.09,8709.46,0.0,0.0,0.0,0.0
2024-09-21,1631.7,15016.59,54,Neutral,Neutral,,0,,3263.407638,0.0,3263407.6380000003,0,0.0,0.0,Neutral,Neutral (46-55),3263.41,1076.75,2,1.0,15016.59,7508.3,4971.35,3263.41,3263.407638,0.0,3263407.6380000003
2024-09-24,0.0,6113.57,54,Neutral,Neutral,,0,,0.0,0.0,0.0,0,0.0,0.0,Neutral,Neutral (46-55),0.0,,1,0.0,6113.57,6113.57,,0.0,0.0,0.0,0.0
2024-09-26,0.0,14670.96,50,Neutral,Neutral,,0,,0.0,0.0,0.0,0,0.0,0.0,Neutral,Neutral (46-55),0.0,0.0,4,0.0,14670.96,3667.74,6312.27,0.0,0.0,0.0,0.0
2024-09-27,0.0,17931.9,61,Greed,Greed,,0,,0.0,0.0,0.0,0,0.0,0.0,Greed,Greed (56-75),0.0,0.0,26,0.0,17931.9,689.69,2393.83,0.0,0.0,0.0,0.0
2024-09-28,0.0,19410.84,64,Greed,Greed,,0,,0.0,0.0,0.0,0,0.0,0.0,Greed,Greed (56-75),0.0,0.0,3,0.0,19410.84,6470.28,6812.8,0.0,0.0,0.0,0.0
2024-09-30,9.82,34738.92,61,Greed,Greed,,0,,461.743162,0.0,461743.16199999995,0,0.021739130434782608,2.127659574468085,Greed,Greed (56-75),461.74,67.35,47,0.02,34738.92,739.13,2927.96,461.74,461.743162,0.0,461743.16199999995
2024-10-07,0.0,29999.63,50,Neutral,Neutral,,0,,0.0,0.0,0.0,0,0.0,0.0,Neutral,Neutral (46-55),0.0,,1,0.0,29999.63,29999.63,,0.0,0.0,0.0,0.0
2024-10-15,209.66,10211.83,65,Greed,Greed,,0,,209.65532,0.0,209655.31999999998,0,0.0,0.0,Greed,Greed (56-75),209.66,,1,1.0,10211.83,10211.83,,209.66,209.65532,0.0,209655.31999999998
2024-10-25,1961.61,21029.71,72,Greed,Greed,,0,,7846.42051,0.0,7846420.51,0,4.0,100.0,Greed,Greed (56-75),7846.42,3710.49,4,1.0,21029.71,5257.43,9944.72,7846.42,7846.42051,0.0,7846420.51
2024-10-31,23.82,24938.28,77,Extreme Greed,Extreme Greed,,0,,23.815451,0.0,23815.450999999997,0,1.0,100.0,Greed,Extreme Greed (76-100),23.82,,1,1.0,24938.28,24938.28,,23.82,23.815451,0.0,23815.450999999997
2024-11-04,0.0,5186.86,70,Greed,Greed,,0,,0.0,0.0,0.0,0,1.0,100.0,Greed,Greed (56-75),0.0,,1,0.0,5186.86,5186.86,,0.0,0.0,0.0,0.0
2024-11-09,-0.0,71.59,75,Extreme Greed,Greed,,0,,0.0,0.00141,0.0,0,1.0,100.0,Greed,Greed (56-75),-0.0,,1,0.0,71.59,71.59,,0.0,0.0,0.00141,0.0
2024-11-11,0.0,41652.37,76,Extreme Greed,Extreme Greed,,0,,0.0,0.0,0.0,0,0.0,0.0,Greed,Extreme Greed (76-100),0.0,0.0,5,0.0,41652.37,8330.47,12191.9,0.0,0.0,0.0,0.0
2024-11-12,0.0,2221.66,80,Extreme Greed,Extreme Greed,,0,,0.0,0.0,0.0,0,0.0,0.0,Greed,Extreme Greed (76-100),0.0,0.0,2,0.0,2221.66,1110.83,0.24,0.0,0.0,0.0,0.0
2024-11-14,0.0,12502.45,88,Extreme Greed,Extreme Greed,,0,,0.0,0.0,0.0,0,1.0,100.0,Greed,Extreme Greed (76-100),0.0,,1,0.0,12502.45,12502.45,,0.0,0.0,0.0,0.0
2024-11-17,0.0,45936.29,90,Extreme Greed,Extreme Greed,,0,,0.0,0.0,0.0,0,1.0,50.0,Greed,Extreme Greed (76-100),0.0,0.0,2,0.0,45936.29,22968.14,29040.23,0.0,0.0,0.0,0.0
2024-11-18,0.0,10602.68,83,Extreme Greed,Extreme Greed,,0,,0.0,0.0,0.0,0,0.0,0.0,Greed,Extreme Greed (76-100),0.0,0.0,3,0.0,10602.68,3534.23,1486.81,0.0,0.0,0.0,0.0
2024-11-20,-0.06,31873.42,83,Extreme Greed,Extreme Greed,,0,,0.0,0.41383,0.0,0,1.3333333333333333,57.14285714285714,Greed,Extreme Greed (76-100),-0.41,0.16,7,0.0,31873.42,4553.35,7083.72,0.41,0.0,0.41383,0.0
2024-11-21,14.56,500.25,82,Extreme Greed,Extreme Greed,,0,,14.563856,0.0,14563.856,0,0.0,0.0,Greed,Extreme Greed (76-100),14.56,,1,1.0,500.25,500.25,,14.56,14.563856,0.0,14563.856
2024-11-22,0.28,3177.28,94,Extreme Greed,Extreme Greed,,0,,4.4038070000000005,1.5545879999999999,2.832780775356558,0,1.5,60.0,Greed,Extreme Greed (76-100),2.85,1.44,10,0.2,3177.28,317.73,190.36,5.96,4.4038070000000005,1.5545879999999999,2.832780775356558
2024-11-24,0.0,1109.86,80,Extreme Greed,Extreme Greed,,0,,0.0,0.0,0.0,0,0.0,0.0,Greed,Extreme Greed (76-100),0.0,,1,0.0,1109.86,1109.86,,0.0,0.0,0.0,0.0
2024-11-25,0.18,1473.43,82,Extreme Greed,Extreme Greed,,0,,0.544824,0.0,544.824,0,2.0,66.66666666666666,Greed,Extreme Greed (76-100),0.54,0.31,3,0.33,1473.43,491.14,475.91,0.54,0.544824,0.0,544.824
2024-11-26,1.32,20887.79,79,Extreme Greed,Extreme Greed,,0,,6.605586,0.0,6605.585999999999,0,1.5,60.0,Greed,Extreme Greed (76-100),6.61,2.29,5,0.4,20887.79,4177.56,5610.91,6.61,6.605586,0.0,6605.585999999999
2024-11-27,-38.89,14367.36,75,Extreme Greed,Greed,,0,,0.0,38.885624,0.0,0,0.0,0.0,Greed,Greed (56-75),-38.89,,1,0.0,14367.36,14367.36,,38.89,0.0,38.885624,0.0
2024-11-28,-308.9,115068.26,77,Extreme Greed,Extreme Greed,,0,,436.87188000000003,2290.267442,0.19075146945218638,0,2.0,66.66666666666666,Greed,Extreme Greed (76-100),-1853.4,706.8,6,0.33,115068.26,19178.04,27465.52,2727.14,436.87188000000003,2290.267442,0.19075146945218638
2024-11-29,286.79,1573.42,78,Extreme Greed,Extreme Greed,,0,,573.585288,0.0,573585.288,0,0.0,0.0,Greed,Extreme Greed (76-100),573.59,405.59,2,0.5,1573.42,786.71,301.4,573.59,573.585288,0.0,573585.288
2024-11-30,68.82,14311.48,84,Extreme Greed,Extreme Greed,,0,,344.089446,0.0,344089.446,0,0.0,0.0,Greed,Extreme Greed (76-100),344.09,117.05,5,0.4,14311.48,2862.3,2816.81,344.09,344.089446,0.0,344089.446
2024-12-01,0.0,554.61,81,Extreme Greed,Extreme Greed,,0,,0.0,0.0,0.0,0,0.0,0.0,Greed,Extreme Greed (76-100),0.0,,1,0.0,554.61,554.61,,0.0,0.0,0.0,0.0
2024-12-02,0.3,81744.92,80,Extreme Greed,Extreme Greed,,0,,12.71424,0.0,12714.24,0,42.0,97.67441860465115,Greed,Extreme Greed (76-100),12.71,1.94,43,0.02,81744.92,1901.04,3299.41,12.71,12.71424,0.0,12714.24
2024-12-03,147.56,515644.47,76,Extreme Greed,Extreme Greed,,0,,18887.337556,0.0,18887337.555999998,0,0.4065934065934066,28.90625,Greed,Extreme Greed (76-100),18887.34,361.64,128,0.71,515644.47,4028.47,7254.74,18887.34,18887.337556,0.0,18887337.555999998
2024-12-04,7.98,100.07,78,Extreme Greed,Extreme Greed,,0,,15.964428,0.0,15964.428,0,0.0,0.0,Greed,Extreme Greed (76-100),15.96,11.29,2,0.5,100.07,50.04,70.62,15.96,15.964428,0.0,15964.428
2024-12-05,78.88,2404.41,84,Extreme Greed,Extreme Greed,,0,,236.64235,0.0,236642.34999999998,0,0.0,0.0,Greed,Extreme Greed (76-100),236.64,136.63,3,0.33,2404.41,801.47,950.7,236.64,236.64235,0.0,236642.34999999998
2024-12-06,-20.44,1967.53,72,Greed,Greed,,0,,0.09232,81.834726,0.0011281274406662032,0,4.0,100.0,Greed,Greed (56-75),-81.74,27.39,4,0.25,1967.53,491.88,616.94,81.93,0.09232,81.834726,0.0011281274406662032
2024-12-07,27.21,968.5,75,Extreme Greed,Greed,,0,,81.623764,0.0,81623.764,0,0.0,0.0,Greed,Greed (56-75),81.62,47.13,3,0.33,968.5,322.83,370.05,81.62,81.623764,0.0,81623.764
2024-12-08,4.71,11935.0,79,Extreme Greed,Extreme Greed,,0,,14.129884,0.0,14129.884,0,0.0,0.0,Greed,Extreme Greed (76-100),14.13,8.16,3,0.33,11935.0,3978.33,5270.36,14.13,14.129884,0.0,14129.884
2024-12-09,0.35,10858.96,78,Extreme Greed,Extreme Greed,,0,,3.796105,0.0,3796.1049999999996,0,11.0,100.0,Greed,Extreme Greed (76-100),3.8,0.86,11,0.18,10858.96,987.18,931.81,3.8,3.796105,0.0,3796.1049999999996
2024-12-10,28.58,7715.33,78,Extreme Greed,Extreme Greed,,0,,288.77774700000003,3.013048,95.84239846162426,0,0.6666666666666666,40.0,Greed,Extreme Greed (76-100),285.76,67.65,10,0.8,7715.33,771.53,1816.5,291.79,288.77774700000003,3.013048,95.84239846162426
2024-12-11,2829.46,29932.51,74,Greed,Greed,,0,,25465.103450000002,0.0,25465103.450000003,0,0.5,33.33333333333333,Greed,Greed (56-75),25465.1,8314.47,9,0.67,29932.51,3325.83,8165.44,25465.1,25465.103450000002,0.0,25465103.450000003
2024-12-12,26.08,57473.31,83,Extreme Greed,Extreme Greed,,0,,834.547422,0.0,834547.422,0,0.7777777777777778,43.75,Greed,Extreme Greed (76-100),834.55,107.13,32,0.25,57473.31,1796.04,3534.86,834.55,834.547422,0.0,834547.422
2024-12-13,0.49,35842.85,76,Extreme Greed,Extreme Greed,,0,,12.61435,0.0,12614.35,0,0.13043478260869565,11.538461538461538,Greed,Extreme Greed (76-100),12.61,1.73,26,0.08,35842.85,1378.57,3024.89,12.61,12.61435,0.0,12614.35
2024-12-14,107.98,38847.01,83,Extreme Greed,Extreme Greed,,0,,3239.468506,0.0,3239468.506,0,0.1111111111111111,10.0,Greed,Extreme Greed (76-100),3239.47,426.78,30,0.17,38847.01,1294.9,2251.14,3239.47,3239.468506,0.0,3239468.506
2024-12-15,5.13,48930.06,80,Extreme Greed,Extreme Greed,,0,,102.61591,0.0,102615.91,0,1.2222222222222223,55.00000000000001,Greed,Extreme Greed (76-100),102.62,22.12,20,0.1,48930.06,2446.5,2940.29,102.62,102.61591,0.0,102615.91
2024-12-16,0.14,163104.13,83,Extreme Greed,Extreme Greed,,0,,3.2706,0.0,3270.6,0,0.14285714285714285,12.5,Greed,Extreme Greed (76-100),3.27,0.67,24,0.04,163104.13,6796.01,23685.33,3.27,3.2706,0.0,3270.6
2024-12-17,0.0,33902.45,87,Extreme Greed,Extreme Greed,,0,,0.0,0.0,0.0,0,0.0,0.0,Greed,Extreme Greed (76-100),0.0,0.0,10,0.0,33902.45,3390.24,3890.67,0.0,0.0,0.0,0.0
2024-12-18,1.52,56717.49,81,Extreme Greed,Extreme Greed,,0,,46.280879,8.374743,5.526244685956333,0,0.5625,36.0,Greed,Extreme Greed (76-100),37.91,4.95,25,0.24,56717.49,2268.7,3415.76,54.66,46.280879,8.374743,5.526244685956333
2024-12-19,2.61,103009.75,75,Extreme Greed,Greed,,0,,78.336701,0.0,78336.701,0,2.3333333333333335,70.0,Greed,Greed (56-75),78.34,6.0,30,0.3,103009.75,3433.66,6172.8,78.34,78.336701,0.0,78336.701
2024-12-20,45.26,119772.68,74,Greed,Greed,,0,,1086.3438489999999,0.0,1086343.849,0,0.3333333333333333,25.0,Greed,Greed (56-75),1086.34,125.61,24,0.25,119772.68,4990.53,8615.32,1086.34,1086.3438489999999,0.0,1086343.849
2024-12-21,10.99,2060.62,73,Greed,Greed,,0,,76.945863,0.0,76945.863,0,0.75,42.857142857142854,Greed,Greed (56-75),76.95,10.85,7,0.57,2060.62,294.37,379.01,76.95,76.945863,0.0,76945.863
2024-12-22,351.25,7105.51,73,Greed,Greed,,0,,1405.000013,0.0,1405000.013,0,3.0,75.0,Greed,Greed (56-75),1405.0,689.67,4,0.5,7105.51,1776.38,3008.09,1405.0,1405.000013,0.0,1405000.013
2024-12-23,-1.1,52352.56,70,Greed,Greed,,0,,0.0,21.98467,0.0,0,0.25,20.0,Greed,Greed (56-75),-21.98,4.2,20,0.0,52352.56,2617.63,3725.72,21.98,0.0,21.98467,0.0
2024-12-25,6.56,28882.36,73,Greed,Greed,,0,,19.672695,0.0,19672.695,0,0.5,33.33333333333333,Greed,Greed (56-75),19.67,11.36,3,0.33,28882.36,9627.45,16497.57,19.67,19.672695,0.0,19672.695
2024-12-26,17.8,1712.64,79,Extreme Greed,Extreme Greed,,0,,53.405546,0.0,53405.546,0,2.0,66.66666666666666,Greed,Extreme Greed (76-100),53.41,30.43,3,0.67,1712.64,570.88,481.68,53.41,53.405546,0.0,53405.546
2024-12-27,0.51,384.16,74,Greed,Greed,,0,,1.528005,0.0,1528.005,0,0.5,33.33333333333333,Greed,Greed (56-75),1.53,0.88,3,0.33,384.16,128.05,59.05,1.53,1.528005,0.0,1528.005
2024-12-28,0.0,49835.38,72,Greed,Greed,,0,,0.0,0.0,0.0,0,0.0,0.0,Greed,Greed (56-75),0.0,0.0,14,0.0,49835.38,3559.67,7681.62,0.0,0.0,0.0,0.0
2024-12-29,0.0,2082.76,73,Greed,Greed,,0,,0.0,0.0,0.0,0,0.0,0.0,Greed,Greed (56-75),0.0,0.0,5,0.0,2082.76,416.55,606.32,0.0,0.0,0.0,0.0
2024-12-30,0.61,27391.07,65,Greed,Greed,,0,,6.737704,0.0,6737.704,0,0.1,9.090909090909092,Greed,Greed (56-75),6.74,2.03,11,0.09,27391.07,2490.1,3124.81,6.74,6.737704,0.0,6737.704
2024-12-31,0.0,9265.2,64,Greed,Greed,,0,,0.0,0.0,0.0,0,2.0,100.0,Greed,Greed (56-75),0.0,0.0,2,0.0,9265.2,4632.6,5118.39,0.0,0.0,0.0,0.0
2025-01-02,0.42,40448.34,70,Greed,Greed,,0,,1.6984,0.0,1698.3999999999999,0,1.0,50.0,Greed,Greed (56-75),1.7,0.85,4,0.25,40448.34,10112.08,8279.05,1.7,1.6984,0.0,1698.3999999999999
2025-01-03,0.0,3828.11,74,Greed,Greed,,0,,0.0,0.0,0.0,0,0.0,0.0,Greed,Greed (56-75),0.0,0.0,3,0.0,3828.11,1276.04,945.53,0.0,0.0,0.0,0.0
2025-01-05,132.06,82466.11,72,Greed,Greed,,0,,528.237435,0.0,528237.4349999999,0,0.0,0.0,Greed,Greed (56-75),528.24,264.12,4,0.25,82466.11,20616.53,40645.22,528.24,528.237435,0.0,528237.4349999999
2025-01-06,123.87,74106.84,76,Extreme Greed,Extreme Greed,,0,,1362.6158050000001,0.0,1362615.8050000002,0,0.0,0.0,Greed,Extreme Greed (76-100),1362.62,408.07,11,0.18,74106.84,6736.99,12606.23,1362.62,1362.6158050000001,0.0,1362615.8050000002
2025-01-07,6.82,8234.11,78,Extreme Greed,Extreme Greed,,0,,34.11674,0.0,34116.74,0,5.0,100.0,Greed,Extreme Greed (76-100),34.12,9.18,5,0.6,8234.11,1646.82,1918.95,34.12,34.11674,0.0,34116.74
2025-01-08,26.4,4838.93,70,Greed,Greed,,0,,132.017096,0.0,132017.09600000002,0,4.0,80.0,Greed,Greed (56-75),132.02,39.61,5,0.6,4838.93,967.79,673.46,132.02,132.017096,0.0,132017.09600000002
2025-01-09,0.0,221.89,69,Greed,Greed,,0,,0.0,0.0,0.0,0,0.0,0.0,Greed,Greed (56-75),0.0,,1,0.0,221.89,221.89,,0.0,0.0,0.0,0.0
2025-01-10,0.03,4687.4,50,Neutral,Neutral,,0,,0.11855,0.0,118.55,0,1.0,50.0,Neutral,Neutral (46-55),0.12,0.06,4,0.25,4687.4,1171.85,1657.64,0.12,0.11855,0.0,118.55
2025-01-11,56.56,71517.61,69,Greed,Greed,,0,,113.111128,0.0,113111.128,0,0.0,0.0,Greed,Greed (56-75),113.11,37.79,2,1.0,71517.61,35758.8,29357.77,113.11,113.111128,0.0,113111.128
2025-01-12,7.16,2500.01,62,Greed,Greed,,0,,7.161037,0.0,7161.037,0,0.0,0.0,Greed,Greed (56-75),7.16,,1,1.0,2500.01,2500.01,,7.16,7.161037,0.0,7161.037
2025-01-13,297.0,11198.23,61,Greed,Greed,,0,,297.00462,0.0,297004.62,0,0.0,0.0,Greed,Greed (56-75),297.0,,1,1.0,11198.23,11198.23,,297.0,297.00462,0.0,297004.62
2025-01-14,8.45,869.65,63,Greed,Greed,,0,,16.895968,0.0,16895.968,0,2.0,100.0,Greed,Greed (56-75),16.9,11.95,2,0.5,869.65,434.82,445.24,16.9,16.895968,0.0,16895.968
2025-01-16,115.63,100776.07,75,Extreme Greed,Greed,,0,,578.5469400000001,0.3725,1553.146147651007,0,1.5,60.0,Greed,Greed (56-75),578.17,250.69,5,0.4,100776.07,20155.21,44634.92,578.92,578.5469400000001,0.3725,1553.146147651007
2025-01-17,19.26,344.83,75,Extreme Greed,Greed,,0,,19.26106,0.0,19261.06,0,1.0,100.0,Greed,Greed (56-75),19.26,,1,1.0,344.83,344.83,,19.26,19.26106,0.0,19261.06
2025-01-18,4.69,4004.9,77,Extreme Greed,Extreme Greed,,0,,18.767569,0.0,18767.569000000003,0,1.0,50.0,Greed,Extreme Greed (76-100),18.77,6.69,4,0.75,4004.9,1001.22,1530.41,18.77,18.767569,0.0,18767.569000000003
2025-01-19,3.3,405819.15,77,Extreme Greed,Extreme Greed,,0,,89.16850199999999,29.844739999999998,2.987745981368911,0,0.38461538461538464,27.77777777777778,Greed,Extreme Greed (76-100),59.32,14.93,18,0.22,405819.15,22545.51,40098.89,119.01,89.16850199999999,29.844739999999998,2.987745981368911
2025-01-20,396.01,135071.43,76,Extreme Greed,Extreme Greed,,0,,5154.896028,6.77655,760.6962286119043,0,1.1666666666666667,53.84615384615385,Greed,Extreme Greed (76-100),5148.12,1371.91,13,0.54,135071.43,10390.11,22338.12,5161.67,5154.896028,6.77655,760.6962286119043
2025-01-21,46.0,102131.84,76,Extreme Greed,Extreme Greed,,0,,230.018246,0.0,230018.246,0,0.25,20.0,Greed,Extreme Greed (76-100),230.02,96.87,5,0.6,102131.84,20426.37,28377.65,230.02,230.018246,0.0,230018.246
2025-01-22,5.98,3481.79,84,Extreme Greed,Extreme Greed,,0,,23.91147,0.0,23911.47,0,0.0,0.0,Greed,Extreme Greed (76-100),23.91,11.96,4,0.25,3481.79,870.45,848.12,23.91,23.91147,0.0,23911.47
2025-01-23,67.96,12800.93,75,Extreme Greed,Greed,,0,,511.951139,36.204875,14.140392391908549,0,2.5,71.42857142857143,Greed,Greed (56-75),475.75,100.87,7,0.57,12800.93,1828.7,1636.05,548.16,511.951139,36.204875,14.140392391908549
2025-01-24,10.09,6562.25,75,Extreme Greed,Greed,,0,,80.698624,0.0,80698.624,0,0.3333333333333333,25.0,Greed,Greed (56-75),80.7,24.22,8,0.62,6562.25,820.28,831.29,80.7,80.698624,0.0,80698.624
2025-01-25,0.0,24554.16,75,Extreme Greed,Greed,,0,,0.0,0.0,0.0,0,6.0,100.0,Greed,Greed (56-75),0.0,0.0,6,0.0,24554.16,4092.36,5820.66,0.0,0.0,0.0,0.0
2025-01-26,74.99,51666.67,73,Greed,Greed,,0,,1949.6285670000002,0.0,1949628.5670000003,0,0.4444444444444444,30.76923076923077,Greed,Greed (56-75),1949.63,354.56,26,0.35,51666.67,1987.18,2893.59,1949.63,1949.6285670000002,0.0,1949628.5670000003
2025-01-27,9.3,4585.8,71,Greed,Greed,,0,,67.057657,1.977415,33.9117772445339,0,2.5,71.42857142857143,Greed,Greed (56-75),65.08,14.6,7,0.43,4585.8,655.11,704.56,69.04,67.057657,1.977415,33.9117772445339
2025-01-28,20.63,16933.25,72,Greed,Greed,,0,,391.92537400000003,0.0,391925.374,0,1.1111111111111112,52.63157894736842,Greed,Greed (56-75),391.93,37.54,19,0.63,16933.25,891.22,492.46,391.93,391.92537400000003,0.0,391925.374
2025-01-29,4.5,1407.23,72,Greed,Greed,,0,,8.998996,0.0,8998.996,0,1.0,50.0,Greed,Greed (56-75),9.0,4.8,2,1.0,1407.23,703.62,287.98,9.0,8.998996,0.0,8998.996
2025-01-30,19.27,27724.39,70,Greed,Greed,,0,,269.74590400000005,0.0,269745.90400000004,0,0.4,28.57142857142857,Greed,Greed (56-75),269.75,62.98,14,0.36,27724.39,1980.31,3754.17,269.75,269.74590400000005,0.0,269745.90400000004
2025-01-31,12.41,5077.95,76,Extreme Greed,Extreme Greed,,0,,117.800098,6.082,19.36864485366656,0,0.8,44.44444444444444,Greed,Extreme Greed (76-100),111.72,37.61,9,0.44,5077.95,564.22,728.36,123.88,117.800098,6.082,19.36864485366656
2025-02-01,6.98,17961.07,68,Greed,Greed,,0,,27.927,0.0,27927.0,0,4.0,100.0,Greed,Greed (56-75),27.93,13.96,4,0.25,17961.07,4490.27,3561.67,27.93,27.927,0.0,27927.0
2025-02-02,29.46,22619.87,60,Greed,Greed,,0,,618.758154,0.0,618758.154,0,0.3125,23.809523809523807,Greed,Greed (56-75),618.76,133.65,21,0.14,22619.87,1077.14,2144.0,618.76,618.758154,0.0,618758.154
2025-02-03,83.1,842056.33,44,Fear,Fear,,0,,3634.6119839999997,559.9743149999999,6.490676244677402,0,0.7619047619047619,43.24324324324324,Fear,Fear (26-45),3074.64,373.02,37,0.41,842056.33,22758.28,49119.48,4194.59,3634.6119839999997,559.9743149999999,6.490676244677402
2025-02-04,144.64,333981.4,72,Greed,Greed,,0,,9923.002633999999,5149.876128,1.9268429739597803,0,0.2692307692307692,21.21212121212121,Greed,Greed (56-75),4773.13,1405.76,33,0.21,333981.4,10120.65,34949.94,15072.88,9923.002633999999,5149.876128,1.9268429739597803
2025-02-05,0.99,212253.25,54,Neutral,Neutral,,0,,13.85192,0.0,13851.92,0,0.75,42.857142857142854,Neutral,Neutral (46-55),13.85,2.38,14,0.29,212253.25,15160.95,24782.87,13.85,13.85192,0.0,13851.92
2025-02-06,13.8,22875.66,49,Neutral,Neutral,,0,,234.64704500000002,0.0,234647.045,0,1.8333333333333333,64.70588235294117,Neutral,Neutral (46-55),234.65,24.19,17,0.53,22875.66,1345.63,1689.16,234.65,234.64704500000002,0.0,234647.045
2025-02-07,14.65,69731.09,44,Fear,Fear,,0,,426.29253300000005,1.529472,278.71875588438365,0,1.0714285714285714,51.724137931034484,Fear,Fear (26-45),424.76,54.65,29,0.1,69731.09,2404.52,7378.64,427.82,426.29253300000005,1.529472,278.71875588438365
2025-02-08,0.0,2139.09,44,Fear,Fear,,0,,0.0,0.0,0.0,0,1.0,100.0,Fear,Fear (26-45),0.0,,1,0.0,2139.09,2139.09,,0.0,0.0,0.0,0.0
2025-02-09,43.1,30521.96,46,Neutral,Neutral,,0,,434.696492,3.686976,117.90054830842402,0,4.0,80.0,Neutral,Neutral (46-55),431.01,94.55,10,0.6,30521.96,3052.2,4867.34,438.38,434.696492,3.686976,117.90054830842402
2025-02-10,1.0,23140.21,43,Fear,Fear,,0,,6.9795,0.0,6979.5,0,0.4,28.57142857142857,Fear,Fear (26-45),6.98,2.64,7,0.14,23140.21,3305.74,7365.18,6.98,6.9795,0.0,6979.5
2025-02-11,-0.0,3920.15,47,Neutral,Neutral,,0,,0.0,0.013412,0.0,0,3.0,75.0,Neutral,Neutral (46-55),-0.01,0.01,4,0.0,3920.15,980.04,1436.02,0.01,0.0,0.013412,0.0
2025-02-12,-41.32,42420.27,46,Neutral,Neutral,,0,,139.451162,593.929,0.23479433063548003,0,1.2,54.54545454545454,Neutral,Neutral (46-55),-454.48,185.7,11,0.27,42420.27,3856.39,5166.27,733.38,139.451162,593.929,0.23479433063548003
2025-02-13,0.0,440.81,50,Neutral,Neutral,,0,,0.0,0.0,0.0,0,1.0,50.0,Neutral,Neutral (46-55),0.0,0.0,2,0.0,440.81,220.4,291.15,0.0,0.0,0.0,0.0
2025-02-14,318.07,135311.99,48,Neutral,Neutral,,0,,23855.383185000006,0.0,23855383.185000006,0,0.08695652173913043,8.0,Neutral,Neutral (46-55),23855.38,391.71,75,0.91,135311.99,1804.16,2470.85,23855.38,23855.383185000006,0.0,23855383.185000006
2025-02-15,1.41,20895.48,50,Neutral,Neutral,,0,,9.856236,0.0,9856.236,0,6.0,85.71428571428571,Neutral,Neutral (46-55),9.86,3.73,7,0.14,20895.48,2985.07,5926.22,9.86,9.856236,0.0,9856.236
2025-02-16,0.0,4627.43,54,Neutral,Neutral,,0,,0.0,0.0,0.0,0,5.0,100.0,Neutral,Neutral (46-55),0.0,0.0,5,0.0,4627.43,925.49,640.34,0.0,0.0,0.0,0.0
2025-02-17,0.15,198136.31,51,Neutral,Neutral,,0,,6.770898000000001,0.0,6770.898000000001,0,14.333333333333334,93.47826086956522,Neutral,Neutral (46-55),6.77,0.78,46,0.04,198136.31,4307.31,7782.38,6.77,6.770898000000001,0.0,6770.898000000001
2025-02-18,64.89,13230.03,47,Neutral,Neutral,,0,,778.682425,0.0,778682.4249999999,0,5.0,83.33333333333334,Neutral,Neutral (46-55),778.68,178.07,12,0.42,13230.03,1102.5,2120.83,778.68,778.682425,0.0,778682.4249999999
2025-02-19,7.59,26634.04,44,Fear,Fear,,0,,37.972301,0.0,37972.301,0,1.5,60.0,Fear,Fear (26-45),37.97,9.62,5,0.6,26634.04,5326.81,10225.86,37.97,37.972301,0.0,37972.301
2025-02-20,27.83,50734.44,49,Neutral,Neutral,,0,,306.17281899999995,0.0,306172.81899999996,0,0.8333333333333334,45.45454545454545,Neutral,Neutral (46-55),306.17,86.55,11,0.45,50734.44,4612.22,5729.95,306.17,306.17281899999995,0.0,306172.81899999996
2025-02-21,53.36,50553.32,55,Greed,Neutral,,0,,1173.8720010000002,0.0,1173872.0010000002,0,0.29411764705882354,22.727272727272727,Neutral,Neutral (46-55),1173.87,141.82,22,0.59,50553.32,2297.88,4561.8,1173.87,1173.8720010000002,0.0,1173872.0010000002
2025-02-22,0.0,10504.88,49,Neutral,Neutral,,0,,0.0,0.0,0.0,0,7.0,100.0,Neutral,Neutral (46-55),0.0,0.0,7,0.0,10504.88,1500.7,1896.38,0.0,0.0,0.0,0.0
2025-02-24,51.21,177024.17,49,Neutral,Neutral,,0,,2051.466029,3.216577,637.7792383020833,0,1.5,60.0,Neutral,Neutral (46-55),2048.25,234.2,40,0.4,177024.17,4425.6,17825.13,2054.68,2051.466029,3.216577,637.7792383020833
2025-02-25,1065.6,1023705.82,25,Fear,Extreme Fear,,0,,68198.103025,0.0,68198103.025,0,15.0,93.75,Fear,Extreme Fear (0-25),68198.1,6007.16,64,0.7,1023705.82,15995.4,98790.78,68198.1,68198.103025,0.0,68198103.025
2025-02-26,1649.16,26215.85,21,Extreme Fear,Extreme Fear,,0,,8245.790948,0.0,8245790.948,0,0.25,20.0,Fear,Extreme Fear (0-25),8245.79,3678.8,5,1.0,26215.85,5243.17,10332.98,8245.79,8245.790948,0.0,8245790.948
2025-02-27,341.26,18186.12,10,Extreme Fear,Extreme Fear,,0,,2047.56016,0.0,2047560.16,0,5.0,83.33333333333334,Fear,Extreme Fear (0-25),2047.56,439.76,6,0.67,18186.12,3031.02,2725.61,2047.56,2047.56016,0.0,2047560.16
2025-02-28,6.59,8946.11,16,Extreme Fear,Extreme Fear,,0,,52.70796,0.0,52707.96,0,0.3333333333333333,25.0,Fear,Extreme Fear (0-25),52.71,13.43,8,0.38,8946.11,1118.26,1033.78,52.71,52.70796,0.0,52707.96
2025-03-01,0.0,3396.39,20,Extreme Fear,Extreme Fear,,0,,0.0,0.0,0.0,0,4.0,80.0,Fear,Extreme Fear (0-25),0.0,0.0,5,0.0,3396.39,679.28,689.71,0.0,0.0,0.0,0.0
2025-03-02,150.08,4763.64,26,Fear,Fear,,0,,1500.782585,0.0,1500782.585,0,9.0,90.0,Fear,Fear (26-45),1500.78,302.23,10,0.8,4763.64,476.36,941.99,1500.78,1500.782585,0.0,1500782.585
2025-03-03,814.37,209188.71,33,Fear,Fear,,0,,22802.332088999996,0.0,22802332.088999994,0,3.6666666666666665,78.57142857142857,Fear,Fear (26-45),22802.33,2026.26,28,0.68,209188.71,7471.03,18236.53,22802.33,22802.332088999996,0.0,22802332.088999994
2025-03-04,441.76,240897.67,15,Extreme Fear,Extreme Fear,,0,,33378.390925,2454.9312,13.596466949868086,0,70.0,100.0,Fear,Extreme Fear (0-25),30923.46,1278.13,70,0.37,240897.67,3441.4,7860.09,35833.32,33378.390925,2454.9312,13.596466949868086
2025-03-05,44.16,54460.39,20,Extreme Fear,Extreme Fear,,0,,839.0443540000001,0.0,839044.354,0,0.9,47.368421052631575,Fear,Extreme Fear (0-25),839.04,79.69,19,0.53,54460.39,2866.34,5528.57,839.04,839.0443540000001,0.0,839044.354
2025-03-06,37.31,64318.75,25,Fear,Extreme Fear,,0,,111.916956,0.0,111916.95599999999,0,2.0,66.66666666666666,Fear,Extreme Fear (0-25),111.92,43.83,3,0.67,64318.75,21439.58,18857.42,111.92,111.916956,0.0,111916.95599999999
2025-03-07,11.29,23150.29,34,Fear,Fear,,0,,101.636922,0.0,101636.92199999999,0,3.5,77.77777777777779,Fear,Fear (26-45),101.64,26.79,9,0.22,23150.29,2572.25,3863.34,101.64,101.636922,0.0,101636.92199999999
2025-03-08,19.02,3798.32,28,Fear,Fear,,0,,95.083356,0.0,95083.356,0,0.6666666666666666,40.0,Fear,Fear (26-45),95.08,23.65,5,0.8,3798.32,759.66,601.44,95.08,95.083356,0.0,95083.356
2025-03-09,8.0,12762.17,27,Fear,Fear,,0,,63.992503,0.0,63992.503,0,1.6666666666666667,62.5,Fear,Fear (26-45),63.99,16.27,8,0.38,12762.17,1595.27,2900.45,63.99,63.992503,0.0,63992.503
2025-03-10,-9.84,253164.52,20,Extreme Fear,Extreme Fear,,0,,20.22796,226.902313,0.08914831996445977,0,1.3333333333333333,57.14285714285714,Fear,Extreme Fear (0-25),-206.67,31.19,21,0.1,253164.52,12055.45,30628.53,247.13,20.22796,226.902313,0.08914831996445977
2025-03-11,-15.57,25522.18,24,Extreme Fear,Extreme Fear,,0,,14.805195999999999,217.272,0.06814129754409219,0,5.5,84.61538461538461,Fear,Extreme Fear (0-25),-202.47,60.72,13,0.15,25522.18,1963.24,2776.08,232.08,14.805195999999999,217.272,0.06814129754409219
2025-03-12,10.83,11066.09,34,Fear,Fear,,0,,119.14663499999999,0.0,119146.63499999998,0,1.2,54.54545454545454,Fear,Fear (26-45),119.15,24.47,11,0.45,11066.09,1006.01,1737.41,119.15,119.14663499999999,0.0,119146.63499999998
2025-03-13,14.0,18127.28,45,Neutral,Fear,,0,,97.96926599999999,0.0,97969.26599999999,0,1.3333333333333333,57.14285714285714,Fear,Fear (26-45),97.97,23.66,7,0.57,18127.28,2589.61,3549.36,97.97,97.96926599999999,0.0,97969.26599999999
2025-03-14,3.36,13392.0,27,Fear,Fear,,0,,53.755497000000005,0.0,53755.497,0,0.06666666666666667,6.25,Fear,Fear (26-45),53.76,5.9,16,0.94,13392.0,837.0,1819.06,53.76,53.755497000000005,0.0,53755.497
2025-03-15,1430.06,3618.84,46,Neutral,Neutral,,0,,2860.127817,0.0,2860127.817,0,2.0,100.0,Neutral,Neutral (46-55),2860.13,1841.85,2,1.0,3618.84,1809.42,269.58,2860.13,2860.127817,0.0,2860127.817
2025-03-16,-9.26,17990.95,30,Fear,Fear,,0,,96.596,133.645465,0.7227779857700372,0,0.3333333333333333,25.0,Fear,Fear (26-45),-37.05,88.55,4,0.25,17990.95,4497.74,3800.17,230.24,96.596,133.645465,0.7227779857700372
2025-03-17,0.15,20858.17,32,Fear,Fear,,0,,1.048194,0.0,1048.194,0,2.5,71.42857142857143,Fear,Fear (26-45),1.05,0.4,7,0.14,20858.17,2979.74,3500.38,1.05,1.048194,0.0,1048.194
2025-03-18,3.8,75735.14,34,Fear,Fear,,0,,106.499938,0.0,106499.938,0,27.0,96.42857142857143,Fear,Fear (26-45),106.5,19.74,28,0.07,75735.14,2704.83,3278.47,106.5,106.499938,0.0,106499.938
2025-03-19,13.11,145310.77,32,Fear,Fear,,0,,486.757479,158.952195,3.0622885012692027,0,0.9230769230769231,48.0,Fear,Fear (26-45),327.81,77.03,25,0.2,145310.77,5812.43,11084.1,645.71,486.757479,158.952195,3.0622885012692027
2025-03-20,40.37,10923.5,49,Neutral,Neutral,,0,,363.34695999999997,0.0,363346.95999999996,0,0.0,0.0,Neutral,Neutral (46-55),363.35,38.17,9,1.0,10923.5,1213.72,1165.18,363.35,363.34695999999997,0.0,363346.95999999996
2025-03-21,1.09,1652.33,31,Fear,Fear,,0,,5.463948,0.0,5463.948,0,1.5,60.0,Fear,Fear (26-45),5.46,2.43,5,0.4,1652.33,330.47,280.44,5.46,5.463948,0.0,5463.948
2025-03-22,58.73,14951.17,32,Fear,Fear,,0,,293.647254,0.0,293647.25399999996,0,1.5,60.0,Fear,Fear (26-45),293.65,74.69,5,0.8,14951.17,2990.23,4437.56,293.65,293.647254,0.0,293647.25399999996
2025-03-24,107.29,25801.18,45,Neutral,Fear,,0,,429.167736,0.0,429167.736,0,3.0,75.0,Fear,Fear (26-45),429.17,213.67,4,0.5,25801.18,6450.3,11213.22,429.17,429.167736,0.0,429167.736
2025-03-25,166.91,209250.15,46,Neutral,Neutral,,0,,333.824806,0.0,333824.80600000004,0,0.0,0.0,Neutral,Neutral (46-55),333.82,236.05,2,0.5,209250.15,104625.08,138064.7,333.82,333.824806,0.0,333824.80600000004
2025-03-26,-8.01,19704.46,47,Neutral,Neutral,,0,,8.935857,80.988368,0.11033506688269112,0,0.8,44.44444444444444,Neutral,Neutral (46-55),-72.05,26.09,9,0.11,19704.46,2189.38,3676.84,89.92,8.935857,80.988368,0.11033506688269112
2025-03-27,1.9,21364.09,40,Fear,Fear,,0,,32.369809,0.0,32369.808999999997,0,16.0,94.11764705882352,Fear,Fear (26-45),32.37,7.48,17,0.18,21364.09,1256.71,1650.09,32.37,32.369809,0.0,32369.808999999997
2025-03-28,10.96,8068.5,44,Fear,Fear,,0,,76.73066899999999,0.0,76730.669,0,0.16666666666666666,14.285714285714285,Fear,Fear (26-45),76.73,17.43,7,0.86,8068.5,1152.64,1784.26,76.73,76.73066899999999,0.0,76730.669
2025-03-29,99.37,3213.23,26,Fear,Fear,,0,,894.3372919999999,0.0,894337.2919999999,0,2.0,66.66666666666666,Fear,Fear (26-45),894.34,290.88,9,0.56,3213.23,357.03,557.76,894.34,894.3372919999999,0.0,894337.2919999999
2025-03-30,0.0,4875.36,32,Fear,Fear,,0,,0.0,0.0,0.0,0,3.0,100.0,Fear,Fear (26-45),0.0,0.0,3,0.0,4875.36,1625.12,2383.96,0.0,0.0,0.0,0.0
2025-03-31,30.79,16545.69,34,Fear,Fear,,0,,61.5888,0.0,61588.799999999996,0,1.0,50.0,Fear,Fear (26-45),61.59,43.55,2,0.5,16545.69,8272.84,11385.44,61.59,61.5888,0.0,61588.799999999996
2025-04-01,0.0,65740.71,34,Fear,Fear,,0,,0.0,0.0,0.0,0,3.0,100.0,Fear,Fear (26-45),0.0,0.0,3,0.0,65740.71,21913.57,37081.39,0.0,0.0,0.0,0.0
2025-04-02,17.32,1202.28,44,Fear,Fear,,0,,69.282759,0.0,69282.75899999999,0,0.0,0.0,Fear,Fear (26-45),69.28,15.0,4,1.0,1202.28,300.57,214.52,69.28,69.282759,0.0,69282.75899999999
2025-04-03,0.99,17300.01,25,Fear,Extreme Fear,,0,,4.944752,0.0,4944.752,0,1.5,60.0,Fear,Extreme Fear (0-25),4.94,2.21,5,0.2,17300.01,3460.0,3463.01,4.94,4.944752,0.0,4944.752
2025-04-04,-1.58,1930.28,28,Fear,Fear,,0,,40.914176,45.645249,0.896351250050142,0,0.5,33.33333333333333,Fear,Fear (26-45),-4.73,38.55,3,0.67,1930.28,643.43,287.5,86.56,40.914176,45.645249,0.896351250050142
2025-04-05,0.0,17527.85,30,Fear,Fear,,0,,0.0,0.0,0.0,0,4.0,100.0,Fear,Fear (26-45),0.0,0.0,4,0.0,17527.85,4381.96,3774.64,0.0,0.0,0.0,0.0
2025-04-06,165.88,1661.57,34,Fear,Fear,,0,,497.638324,0.0,497638.324,0,3.0,100.0,Fear,Fear (26-45),497.64,287.31,3,0.33,1661.57,553.86,555.34,497.64,497.638324,0.0,497638.324
2025-04-07,-284.07,25023.68,23,Extreme Fear,Extreme Fear,,0,,6.350235,4551.494369999999,0.0013951978149980664,0,0.06666666666666667,6.25,Fear,Extreme Fear (0-25),-4545.14,407.71,16,0.06,25023.68,1563.98,1762.93,4557.84,6.350235,4551.494369999999,0.0013951978149980664
2025-04-08,22.64,146298.12,24,Extreme Fear,Extreme Fear,,0,,860.4985730000001,0.3055,2816.6892733224227,0,8.5,89.47368421052632,Fear,Extreme Fear (0-25),860.19,130.98,38,0.08,146298.12,3849.95,6596.05,860.8,860.4985730000001,0.3055,2816.6892733224227
2025-04-09,48.66,282690.79,18,Extreme Fear,Extreme Fear,,0,,1623.413508,17.481558,92.86434927596271,0,0.65,39.39393939393939,Fear,Extreme Fear (0-25),1605.93,107.81,33,0.48,282690.79,8566.39,23593.79,1640.9,1623.413508,17.481558,92.86434927596271
2025-04-10,89.05,1216699.36,39,Fear,Fear,,0,,4863.6588839999995,55.164218000000005,88.16691435741913,0,1.0,50.0,Fear,Fear (26-45),4808.49,207.83,54,0.7,1216699.36,22531.47,50063.31,4918.82,4863.6588839999995,55.164218000000005,88.16691435741913
2025-04-11,-52.68,5978.83,25,Fear,Extreme Fear,,0,,11.581399999999999,433.058442,0.026743272678194315,0,1.0,50.0,Fear,Extreme Fear (0-25),-421.48,153.74,8,0.25,5978.83,747.35,993.92,444.64,11.581399999999999,433.058442,0.026743272678194315
2025-04-12,629.41,3513693.34,43,Fear,Fear,,0,,89664.84302,2177.54725,41.17699077253088,0,0.5977011494252874,37.410071942446045,Fear,Fear (26-45),87487.3,6687.74,139,0.3,3513693.34,25278.37,97878.09,91842.39,89664.84302,2177.54725,41.17699077253088
2025-04-13,65.82,466096.6,45,Neutral,Fear,,0,,1143.116049,221.581426,5.158898332028967,0,1.8,64.28571428571429,Fear,Fear (26-45),921.53,305.26,14,0.29,466096.6,33292.61,55180.74,1364.7,1143.116049,221.581426,5.158898332028967
2025-04-14,6.43,47497.1,31,Fear,Fear,,0,,313.33132800000004,197.66068,1.5851980677188808,0,5.0,83.33333333333334,Fear,Fear (26-45),115.67,85.64,18,0.17,47497.1,2638.73,3731.04,510.99,313.33132800000004,197.66068,1.5851980677188808
2025-04-15,23.86,402833.44,38,Fear,Fear,,0,,1097.567198,0.0,1097567.1979999999,0,0.24324324324324326,19.565217391304348,Fear,Fear (26-45),1097.57,89.57,46,0.63,402833.44,8757.25,19843.02,1097.57,1097.567198,0.0,1097567.1979999999
2025-04-16,78.96,1897524.65,29,Fear,Fear,,0,,5083.825337999999,30.505225,166.6542481820737,0,1.6666666666666667,62.5,Fear,Fear (26-45),5053.32,326.5,64,0.5,1897524.65,29648.82,71482.34,5114.33,5083.825337999999,30.505225,166.6542481820737
2025-04-17,7.47,3258.17,30,Fear,Fear,,0,,42.390891999999994,5.042448,8.406807963116327,0,0.25,20.0,Fear,Fear (26-45),37.35,14.83,5,0.4,3258.17,651.63,283.64,47.43,42.390891999999994,5.042448,8.406807963116327
2025-04-18,24.41,261616.36,33,Fear,Fear,,0,,689.119663,78.869991,8.737412725202415,0,0.47058823529411764,32.0,Fear,Fear (26-45),610.25,110.25,25,0.6,261616.36,10464.65,27927.17,767.99,689.119663,78.869991,8.737412725202415
2025-04-19,157.96,1893764.47,32,Fear,Fear,,0,,6160.41619,0.0,6160416.1899999995,0,0.8571428571428571,46.15384615384615,Fear,Fear (26-45),6160.42,574.36,39,0.36,1893764.47,48558.06,144851.28,6160.42,6160.41619,0.0,6160416.1899999995
2025-04-20,212.44,313618.3,37,Fear,Fear,,0,,5098.631206,0.05796,87968.10224292616,0,7.0,87.5,Fear,Fear (26-45),5098.57,476.83,24,0.67,313618.3,13067.43,42181.21,5098.69,5098.631206,0.05796,87968.10224292616
2025-04-21,-75.0,1830804.32,39,Fear,Fear,,0,,1137.9139239999997,6312.770773,0.18025585989386908,0,1.0909090909090908,52.17391304347826,Fear,Fear (26-45),-5174.86,504.36,69,0.33,1830804.32,26533.4,82641.4,7450.68,1137.9139239999997,6312.770773,0.18025585989386908
2025-04-22,7.78,706352.22,47,Neutral,Neutral,,0,,233.40500399999996,0.0,233405.00399999996,0,1.7272727272727273,63.33333333333333,Neutral,Neutral (46-55),233.41,28.23,30,0.4,706352.22,23545.07,91636.79,233.41,233.40500399999996,0.0,233405.00399999996
2025-04-23,-1478.99,647254.74,72,Greed,Greed,,0,,13676.627531000002,83188.94315700002,0.16440439091993883,0,0.6785714285714286,40.42553191489361,Greed,Greed (56-75),-69512.32,12187.18,47,0.51,647254.74,13771.38,47103.09,96865.57,13676.627531000002,83188.94315700002,0.16440439091993883
2025-04-24,61.57,1489821.28,63,Greed,Greed,,0,,5199.290462000001,27.756224,187.31980481206668,0,1.8,64.28571428571429,Greed,Greed (56-75),5171.53,322.31,84,0.31,1489821.28,17735.97,73053.1,5227.05,5199.290462000001,27.756224,187.31980481206668
2025-04-25,56.03,665480.38,60,Greed,Greed,,0,,3137.568674,0.101806,30819.0939040921,0,0.8064516129032258,44.642857142857146,Greed,Greed (56-75),3137.47,130.12,56,0.52,665480.38,11883.58,27408.28,3137.67,3137.568674,0.101806,30819.0939040921
2025-04-26,0.54,189029.82,65,Greed,Greed,,0,,13.778604,4.554635,3.025182918060393,0,3.25,76.47058823529412,Greed,Greed (56-75),9.22,3.58,17,0.06,189029.82,11119.4,15344.49,18.33,13.778604,4.554635,3.025182918060393
2025-04-28,-35.56,469287.95,54,Neutral,Neutral,,0,,1255.32903,2073.320528,0.6054679018737811,0,0.21052631578947367,17.391304347826086,Neutral,Neutral (46-55),-817.99,348.64,23,0.65,469287.95,20403.82,36486.34,3328.65,1255.32903,2073.320528,0.6054679018737811
2025-04-29,147.2,1728653.43,60,Greed,Greed,,0,,5593.514867000001,0.0,5593514.867000001,0,0.9,47.368421052631575,Greed,Greed (56-75),5593.51,433.13,38,0.47,1728653.43,45490.88,113156.42,5593.51,5593.514867000001,0.0,5593514.867000001
2025-04-30,-0.36,368339.11,56,Greed,Greed,,0,,0.0,5.7884,0.0,0,16.0,100.0,Greed,Greed (56-75),-5.79,1.45,16,0.0,368339.11,23021.19,39814.2,5.79,0.0,5.7884,0.0
2025-05-01,63.39,110140.88,53,Neutral,Neutral,,0,,824.111633,0.0,824111.6329999999,0,0.625,38.46153846153847,Neutral,Neutral (46-55),824.11,87.79,13,0.69,110140.88,8472.38,9946.47,824.11,824.111633,0.0,824111.6329999999
